metric,count,mean,std,min,p05,p25,p50,p75,p95,max
temporal_persistence,343107,1.8848930597305298,0.8340277075767517,0.0,0.0,1.0,2.0,2.0,3.0,5.0
structural_persistence,343107,0.6146100163459778,2.038853883743286,0.0,0.0,0.0,0.0,0.0,4.0,13.0
